"FIP","MetroName","AIEMP2010","AIEMP2013","AIEMP2015","TOTEMP2010","TOTEMP2013","TOTEMP2015","AIGDP2010","AIGDP2013","AIGDP2015","TOTGDP2010","TOTGDP2013","TOTGDP2015","AIWAGE2015","TOTWAGE2015","TOP100","AIEMP_GR_2010_2015","AIEMP_GR_2010_2013","AIEMP_GR_2013_2015","TOTEMP_GR_2010_2015","TOTEMP_GR_2010_2013","TOTEMP_GR_2013.2015","AIGDP_GR_2010_2015","AIGDP_GR_2010_2013","AIGDP_GR_2013_2015","TOTGDP_GR_2010_2015","TOTGDP_GR_2010_2013","TOTGDP_GR_2013_2015","AIEMPSHARE2015","AIGDPSHARE2015","RANK_AIEMP_GR_2010_2015","RANK_AIEMP_GR_2010_2013","RANK_AIEMP_GR_2013_2015","RANK_TOTEMP_GR_2010_2015","RANK_TOTEMP_GR_2010_2013","RANK_TOTEMP_GR_2013.2015","RANK_AIGDP_GR_2010_2015","RANK_AIGDP_GR_2010_2013","RANK_AIGDP_GR_2013_2015","RANK_TOTGDP_GR_2010_2015","RANK_TOTGDP_GR_2010_2013","RANK_TOTGDP_GR_2013_2015","RANK_AIEMPSHARE2015","RANK_AIGDPSHARE2015","METRO_CODE","IND1","IND2","IND3","IND4","IND5","Title1","Title2","Title3","Title4","Title5","IND_GR20132015_EMP1","IND_GR20132015_EMP2","IND_GR20132015_EMP3","IND_GR20132015_EMP4","IND_GR20132015_EMP5","INDEMP1","INDEMP2","INDEMP3","INDEMP4","INDEMP5","INDAISHARE1","INDAISHARE2","INDAISHARE3","INDAISHARE4","INDAISHARE5","RANK100_AIEMP2015","RANK100_AIGDP2015","RANK100_AIEMPSHARE2015","RANK100_AIGDPSHARE2015","RANK100_AIEMP_GR_2010_2013","RANK100_AIEMP_GR_2010_2015","RANK100_AIEMP_GR_2013_2015","RANK100_AIGDP_GR_2010_2013","RANK100_AIGDP_GR_2010_2015","RANK100_AIGDP_GR_2013_2015"
44700,"Stockton-Lodi, CA",6.122,6.27,6.33,212.531,223.802,238.158,1534.368126,1595.806646,1586.790469,23426.1499,24211.82578,25398.25086,66244.16051,45714.79076,1,0.006704655,0.00799429,0.004773297,0.023030491,0.017373823,0.031574518,0.006741573,0.013172905,-0.002828961,0.016296847,0.011056768,0.02420793,0.026578994,0.062476368,79,73,75,31,39,20,79,57,91,53,55,43,99,100,44700,5416,5174,5413,3362,5417,"Management, Scientific, and Technical Consulting Services","Satellite Telecommunications","Architectural, Engineering, and Related Services","Motor Vehicle Body and Trailer Manufacturing","Scientific Research and Development Services",0.025371865,-0.11298678,0.053717365,0.064581295,0.060052518,1.023,0.834,0.624,0.374,0.327,0.161611374,0.131753555,0.098578199,0.059083728,0.051658768,99,98,99,100,73,79,75,57,79,91
23420,"Fresno, CA",12.377,11.462,11.24,344.487,355.035,377.615,3075.438372,2809.402772,2706.591386,38663.55252,39515.63928,41923.25955,70565.82767,42715.74432,1,-0.019087692,-0.025275974,-0.009731525,0.018533412,0.010104045,0.031309538,-0.025227803,-0.029708279,-0.018468268,0.016320433,0.007292852,0.030013732,0.029765767,0.064560614,100,100,93,45,72,22,97,96,98,52,69,28,98,99,23420,5413,5416,3339,5415,3331,"Architectural, Engineering, and Related Services","Management, Scientific, and Technical Consulting Services","Other General Purpose Machinery Manufacturing","Computer Systems Design and Related Services","Agriculture, Construction, and Mining Machinery Manufacturing",0.057704802,-0.045890738,-0.035934365,0.08416433,0.044631396,1.988,1.543,1.014,0.784,0.574,0.176868327,0.13727758,0.090213523,0.06975089,0.051067616,96,91,98,99,100,100,93,96,97,98
46520,"Urban Honolulu, HI",19.426,20.011,20.178,489.984,514.281,528.065,3349.436364,3408.223157,3420.952772,49952.57984,51895.49288,52805.66246,81059.12439,50817.84635,1,0.007625029,0.009938983,0.004164035,0.01508193,0.016263186,0.013312621,0.004234343,0.005816519,0.001865745,0.011170788,0.012800498,0.008731138,0.038211205,0.064783825,75,70,77,55,42,74,81,72,88,71,52,93,96,98,46520,5413,5415,2211,5416,6215,"Architectural, Engineering, and Related Services","Computer Systems Design and Related Services","Electric Power Generation, Transmission and Distribution","Management, Scientific, and Technical Consulting Services","Medical and Diagnostic Laboratories",0.014143182,-0.000652813,0.018006825,0.031163359,0.029147205,4.838,4.591,2.196,1.999,1.361,0.239766082,0.227525027,0.108831401,0.099068292,0.067449698,83,83,96,98,70,75,77,72,81,88
29820,"Las Vegas-Henderson-Paradise, NV",28.197,30.828,32.967,818.829,865.896,933.512,5604.515272,5849.763891,5915.044463,81373.16603,82505.64114,89199.93788,81999.8076,47570.5456,1,0.031751965,0.030182454,0.034110717,0.026562364,0.018804464,0.038310117,0.010843659,0.014378635,0.005564281,0.018536666,0.004617664,0.039777593,0.035315025,0.066312204,38,41,32,21,35,8,69,54,82,43,77,12,97,97,29820,5413,5415,3399,5416,6215,"Architectural, Engineering, and Related Services","Computer Systems Design and Related Services","Other Miscellaneous Manufacturing","Management, Scientific, and Technical Consulting Services","Medical and Diagnostic Laboratories",0.04599831,0.061491399,-0.066640257,0.059890418,0.062607104,7.452,4.631,4.084,3.269,2.868,0.226044226,0.140473807,0.123881457,0.099159766,0.086996087,63,64,97,97,41,38,32,54,69,82
15980,"Cape Coral-Fort Myers, FL",7.098,8.8,10.184,201.949,222.857,251.208,1301.14016,1503.245923,1581.965013,19694.62755,20975.64699,22763.98888,74898.84112,44179.75648,1,0.07487133,0.074275222,0.075766112,0.044620037,0.033383503,0.061704341,0.039859248,0.049305585,0.025848954,0.029390411,0.02122757,0.041757173,0.04054011,0.069494192,2,4,4,2,7,1,27,19,53,14,23,11,94,96,15980,5416,5413,5415,2211,6215,"Management, Scientific, and Technical Consulting Services","Architectural, Engineering, and Related Services","Computer Systems Design and Related Services","Electric Power Generation, Transmission and Distribution","Medical and Diagnostic Laboratories",0.093865111,0.129102973,0.116109424,-0.058200498,0.038296235,3.044,2.268,1.014,0.518,0.511,0.298900236,0.222702278,0.09956795,0.050864101,0.050176748,97,99,94,96,4,2,4,19,27,53
19780,"Des Moines-West Des Moines, IA",16.149,19.653,20.386,323.48,343.604,356.299,2245.928506,2794.872537,2883.691756,32168.79179,35034.73129,36485.34457,77410.99196,51612.96862,1,0.047700804,0.067647137,0.018477837,0.019514563,0.020321235,0.01830575,0.051261069,0.075611309,0.015765399,0.02550254,0.028856203,0.020492531,0.05721599,0.079036988,16,7,53,39,30,52,15,10,68,23,14,56,84,95,19780,5415,5413,5416,5182,3331,"Computer Systems Design and Related Services","Architectural, Engineering, and Related Services","Management, Scientific, and Technical Consulting Services","Data Processing, Hosting, and Related Services","Agriculture, Construction, and Mining Machinery Manufacturing",0.050944917,0.065260175,0.077102934,-0.038529786,-0.16601594,4.334,2.93,2.463,1.688,1.478,0.21259688,0.143726087,0.120818209,0.082801923,0.072500736,81,90,84,95,7,16,53,10,15,68
29460,"Lakeland-Winter Haven, FL",7.676,8.207,8.371,199.72,204.855,215.867,1385.713451,1552.909864,1555.325846,19231.3449,19170.61196,19662.99689,62058.48023,42259.9959,1,0.017486077,0.02254671,0.009942049,0.015670736,0.008497913,0.02652574,0.023362718,0.03870193,0.000777586,0.004449278,-0.001053783,0.012760762,0.038778507,0.079099125,61,58,64,51,80,33,51,28,89,91,89,82,95,94,29460,3253,5413,5416,3391,5415,"Pesticide, Fertilizer, and Other Agricultural Chemical Manufacturing","Architectural, Engineering, and Related Services","Management, Scientific, and Technical Consulting Services","Medical Equipment and Supplies Manufacturing","Computer Systems Design and Related Services",-0.038972233,-0.007204705,-0.084803281,0.235441536,0.129363964,1.571,1.373,0.985,0.609,0.551,0.187671724,0.164018636,0.11766814,0.072751165,0.065822482,98,100,95,94,58,61,64,28,51,89
32580,"McAllen-Edinburg-Mission, TX",4.495,4.903,5.45,229.036,243.993,255.059,1176.802929,1619.084125,1797.244627,18179.81485,20480.14037,21982.44932,48681.11193,33440.53319,1,0.039281894,0.029383966,0.054307521,0.021756432,0.021310677,0.02242543,0.088380346,0.112214514,0.053583328,0.038717204,0.040513752,0.036028198,0.021367605,0.081758161,24,44,15,34,28,41,2,2,18,8,8,17,100,93,32580,5413,5416,2211,6215,2111,"Architectural, Engineering, and Related Services","Management, Scientific, and Technical Consulting Services","Electric Power Generation, Transmission and Distribution","Medical and Diagnostic Laboratories","Oil and Gas Extraction",0.049499536,0.176114028,0.007533063,-0.032633645,0.001411433,0.836,0.776,0.537,0.481,0.355,0.153394495,0.142385321,0.09853211,0.088256881,0.065137615,100,96,100,93,44,24,15,2,2,18
35840,"North Port-Sarasota-Bradenton, FL",11.545,13.963,15.391,244.721,263.328,291.242,2032.796611,2181.493978,2310.814791,23526.77779,24589.72464,26312.20066,71049.95354,43465.8647,1,0.059191728,0.065438208,0.049890607,0.035420009,0.024727994,0.05166757,0.025969008,0.023811563,0.029213704,0.022630978,0.01483882,0.034431539,0.052846087,0.087822939,11,9,16,6,18,2,45,44,47,33,44,21,88,92,35840,5416,5415,5413,3391,3366,"Management, Scientific, and Technical Consulting Services","Computer Systems Design and Related Services","Architectural, Engineering, and Related Services","Medical Equipment and Supplies Manufacturing","Ship and Boat Building",0.069876251,0.11092807,0.115238733,0.062128953,0.305050917,2.667,2.435,2.092,0.995,0.809,0.173283088,0.158209343,0.135923592,0.064648171,0.052563186,89,95,88,92,9,11,16,44,45,47
33100,"Miami-Fort Lauderdale-West Palm Beach, FL",121.856,130.401,142.383,2230.755,2385.896,2547.698,20080.61078,20889.59271,22522.37961,230400.0855,240579.8963,255910.6391,89302.46968,53455.81158,1,0.031625917,0.022848552,0.044933394,0.026926153,0.022664573,0.033351843,0.02321635,0.013252502,0.038346135,0.021224302,0.014515996,0.031370022,0.055886922,0.088008766,39,57,18,20,23,16,52,56,31,36,45,27,86,91,33100,5416,5413,5415,6215,3364,"Management, Scientific, and Technical Consulting Services","Architectural, Engineering, and Related Services","Computer Systems Design and Related Services","Medical and Diagnostic Laboratories","Aerospace Product and Parts Manufacturing",0.05359491,0.072338273,0.031034896,0.028209899,0.058916508,31.75,21.57,18.45,7.89,5.537,0.222990104,0.151492805,0.129580076,0.055413919,0.03888807,18,22,86,91,57,39,18,56,52,31
27260,"Jacksonville, FL",35.439,38.855,42.116,601.746,626.517,666.661,4908.032788,5163.133522,5557.650667,56315.23571,57434.7028,60819.85563,85021.7953,50758.0942,1,0.035125796,0.031149934,0.041118352,0.020700594,0.013537642,0.031540051,0.025172052,0.017033598,0.037502004,0.015509278,0.006582766,0.029047693,0.063174537,0.091378886,31,39,22,35,55,21,48,51,35,56,71,31,76,90,27260,5415,5416,5413,3391,3364,"Computer Systems Design and Related Services","Management, Scientific, and Technical Consulting Services","Architectural, Engineering, and Related Services","Medical Equipment and Supplies Manufacturing","Aerospace Product and Parts Manufacturing",0.123612284,0.014538064,-0.007804531,0.032665973,-0.078333051,10.374,7.064,6.205,3.453,2.404,0.246319688,0.16772723,0.147331181,0.081987843,0.057080444,51,69,76,90,39,31,22,51,48,35
25420,"Harrisburg-Carlisle, PA",18.75,19.252,20.326,327.313,331.17,339.932,2809.962386,2866.584109,3146.431236,31490.38533,31817.21033,33157.19334,70880.29032,49803.27323,1,0.016272397,0.008845963,0.027514677,0.007594432,0.003912614,0.013142493,0.022877316,0.006672166,0.047675476,0.010368871,0.003447622,0.020840359,0.059794312,0.094894378,62,71,39,88,96,77,53,71,23,74,80,55,80,89,25420,5415,5413,5416,3359,5182,"Computer Systems Design and Related Services","Architectural, Engineering, and Related Services","Management, Scientific, and Technical Consulting Services","Other Electrical Equipment and Component Manufacturing","Data Processing, Hosting, and Related Services",0.037933617,0.043678532,-0.00425987,0.015919136,-0.01843476,4.975,3.734,1.866,1.801,1.055,0.244760405,0.183705599,0.091803601,0.088605727,0.051903965,82,84,80,89,71,62,39,71,53,23
19660,"Deltona-Daytona Beach-Ormond Beach, FL",9.614,10.628,11.427,176.569,181.745,192.328,1491.143759,1547.447727,1624.568044,16193.16805,16291.10835,17016.80735,51828.88676,39284.90601,1,0.035155567,0.03398874,0.036908276,0.017245112,0.009677484,0.028703037,0.01728743,0.012431131,0.02461559,0.009971809,0.002012032,0.022030191,0.059414126,0.09546844,30,32,27,50,73,26,59,61,56,76,85,49,81,88,19660,3366,5416,5413,3344,3391,"Ship and Boat Building","Management, Scientific, and Technical Consulting Services","Architectural, Engineering, and Related Services","Semiconductor and Other Electronic Component Manufacturing","Medical Equipment and Supplies Manufacturing",0.205397366,0.024893411,0.104525941,0.113269134,0.012613605,1.437,1.292,1.087,1.02,0.929,0.125754791,0.113065547,0.09512558,0.089262274,0.081298679,95,97,81,88,32,30,27,61,59,56
36740,"Orlando-Kissimmee-Sanford, FL",68.82,70.212,75.309,1004.992,1077.964,1169.052,10184.35184,10249.74518,11080.64564,100882.5318,105760.5569,114816.1005,86138.51218,47081.87156,1,0.018184409,0.006697273,0.035661348,0.030704673,0.023639928,0.041393316,0.017012602,0.002135756,0.039742985,0.02621265,0.015864815,0.041932373,0.064418862,0.096507768,60,75,29,9,21,7,60,74,29,21,42,9,74,87,36740,5416,5413,5415,5417,3364,"Management, Scientific, and Technical Consulting Services","Architectural, Engineering, and Related Services","Computer Systems Design and Related Services","Scientific Research and Development Services","Aerospace Product and Parts Manufacturing",0.052269388,0.043136681,0.059684927,0.0128569,0.014522841,12.975,12.655,11.336,5.193,4.292,0.172290165,0.168041004,0.150526497,0.068955902,0.05699186,34,42,74,87,75,60,29,74,60,29
42540,"Scranton-Wilkes-Barre-Hazleton, PA",13.726,13.584,13.255,255.831,258.182,261.38,2507.353589,2365.992233,2442.763185,24218.05088,24171.94904,25213.47002,64006.83191,41030.01746,1,-0.006959074,-0.003460404,-0.012184061,0.004300866,0.003053884,0.006174245,-0.005206001,-0.019157572,0.016094325,0.00808856,-0.000634941,0.021316798,0.050711608,0.096883261,92,89,96,97,97,93,90,92,67,82,88,52,89,86,42540,3391,2211,5416,5413,5415,"Medical Equipment and Supplies Manufacturing","Electric Power Generation, Transmission and Distribution","Management, Scientific, and Technical Consulting Services","Architectural, Engineering, and Related Services","Computer Systems Design and Related Services",-0.070005064,0.09570115,-0.026686783,-0.003539834,0.133506094,1.818,1.712,1.673,1.405,1.254,0.13715579,0.129158808,0.126216522,0.105997737,0.094605809,93,94,89,86,89,92,96,92,90,67
32820,"Memphis, TN-MS-AR",29.095,31.792,35.955,605.827,620.768,639.393,4833.857742,5330.938037,5942.521451,58091.0209,58869.5438,59575.68429,79467.03983,49467.9929,1,0.043249503,0.029990366,0.063458928,0.010843332,0.008154049,0.014890712,0.042162348,0.033165566,0.055804629,0.00506004,0.00444745,0.005979625,0.056233021,0.099747431,19,42,8,76,83,66,26,33,15,88,78,96,85,85,32820,5413,3391,5416,5415,6215,"Architectural, Engineering, and Related Services","Medical Equipment and Supplies Manufacturing","Management, Scientific, and Technical Consulting Services","Computer Systems Design and Related Services","Medical and Diagnostic Laboratories",0.148575691,0.066919436,0.175946892,0.08042439,0.012245354,6.546,6.304,3.919,2.693,1.497,0.182060909,0.175330274,0.108997358,0.07489918,0.041635378,60,63,85,85,42,19,8,33,26,15
40140,"Riverside-San Bernardino-Ontario, CA",63.635,63.693,67.027,1204.004,1274.167,1387.224,14509.40189,14339.6683,15085.27696,133908.4528,141123.4606,151180.7999,71877.61244,47016.61663,1,0.010440504,0.000303724,0.025838604,0.028735514,0.019059341,0.043422315,0.007814855,-0.003914698,0.025668674,0.024560785,0.017646809,0.035019926,0.048317359,0.099783021,72,84,40,15,34,5,78,83,54,26,35,19,91,84,40140,5416,5413,5415,3399,2211,"Management, Scientific, and Technical Consulting Services","Architectural, Engineering, and Related Services","Computer Systems Design and Related Services","Other Miscellaneous Manufacturing","Electric Power Generation, Transmission and Distribution",0.034111642,-0.008553981,0.047035039,0.056226059,-0.042950646,10.064,6.809,5.249,3.937,3.694,0.150148448,0.101585928,0.078311725,0.058737524,0.055112119,38,31,91,84,84,72,40,83,78,54
44140,"Springfield, MA",12.242,11.964,11.734,272.537,272.616,277.818,2954.920391,2833.271252,2974.34381,28910.95473,28743.70712,29508.64849,82532.37106,47337.66707,1,-0.008440587,-0.007627602,-0.009658816,0.003845744,9.66136e-05,0.009495808,0.001311206,-0.01391552,0.024593288,0.004100948,-0.001932038,0.013218871,0.042236284,0.100795664,95,93,92,99,99,86,85,90,57,94,92,81,93,83,44140,5413,5416,5415,2211,3336,"Architectural, Engineering, and Related Services","Management, Scientific, and Technical Consulting Services","Computer Systems Design and Related Services","Electric Power Generation, Transmission and Distribution","Engine, Turbine, and Power Transmission Equipment Manufacturing",0.033148229,0.033794878,0.015393414,0.044945819,-0.001355933,1.758,1.104,0.997,0.891,0.736,0.149821033,0.094085563,0.084966763,0.075933186,0.062723709,94,88,93,83,93,95,92,90,85,57
44060,"Spokane-Spokane Valley, WA",12.691,13.925,14.074,230.034,235.463,243.862,2328.544878,2551.489809,2588.850323,23404.04227,23824.18701,25092.24676,67332.34745,44639.851,1,0.020902672,0.031414232,0.005335854,0.011743493,0.007805863,0.017678804,0.021420255,0.030947165,0.007294707,0.014027505,0.00594848,0.026267865,0.057712969,0.103173317,55,37,73,71,85,56,55,37,80,61,72,38,82,82,44060,5415,6215,5413,3315,5416,"Computer Systems Design and Related Services","Medical and Diagnostic Laboratories","Architectural, Engineering, and Related Services","Foundries","Management, Scientific, and Technical Consulting Services",0.068042653,0.019666429,-0.077654912,-0.012470512,0.100568035,1.978,1.78,1.476,1.023,0.969,0.140542845,0.12647435,0.104874236,0.072687225,0.068850362,92,93,82,82,37,55,73,37,55,80
40060,"Richmond, VA",36.313,38.204,38.415,609.715,640.922,669.425,7111.354128,7109.241198,7163.946326,63885.4802,66527.63117,68821.92492,103467.6766,51527.26406,1,0.01131801,0.017065452,0.002757689,0.018861166,0.016777904,0.021994066,0.001474749,-9.905e-05,0.003840093,0.014997401,0.013600071,0.01709701,0.057385069,0.104093955,70,62,82,43,41,43,83,79,84,60,49,69,83,81,40060,5415,5413,5416,3252,5417,"Computer Systems Design and Related Services","Architectural, Engineering, and Related Services","Management, Scientific, and Technical Consulting Services","Resin, Synthetic Rubber, Fibers and Filaments Manufacturing","Scientific Research and Development Services",0.006982824,0.065126947,-0.020607187,-0.023590145,-0.021591934,7.742,6.183,5.15,2.965,2.353,0.201535858,0.160952753,0.134062215,0.077183392,0.061252115,58,57,83,81,62,70,82,79,83,84
36540,"Omaha-Council Bluffs, NE-IA",30.609,30.857,31.57,474.931,493.44,507.227,4363.351909,4876.343423,5050.048684,42565.55004,45458.5845,46786.23251,80828.93855,48986.80058,1,0.006201796,0.002693469,0.011487315,0.013244766,0.012825463,0.013874046,0.0296629,0.037746668,0.017655164,0.019088651,0.022160795,0.014497738,0.062240378,0.107938776,81,82,62,66,59,72,39,30,63,41,21,78,78,80,36540,5415,5182,5413,5416,3331,"Computer Systems Design and Related Services","Data Processing, Hosting, and Related Services","Architectural, Engineering, and Related Services","Management, Scientific, and Technical Consulting Services","Agriculture, Construction, and Mining Machinery Manufacturing",0.011912464,0.011803398,-0.017854384,0.045769075,0.010958564,7.904,4.613,4.143,2.336,2.087,0.25036427,0.146119734,0.131232182,0.073994298,0.066107064,66,74,78,80,82,81,62,30,39,63
27140,"Jackson, MS",14.945,16.204,18.756,268.737,274.874,284.454,2285.61481,2372.170913,2597.262223,23087.68374,23464.28952,24023.53344,79688.44114,42358.1319,1,0.046475008,0.027327164,0.075868011,0.011432527,0.00755493,0.01727692,0.025894146,0.012467236,0.046369112,0.007978582,0.005408026,0.011846743,0.065936847,0.108113248,17,48,3,72,86,57,46,60,24,83,74,85,72,79,27140,3363,3362,5413,5415,5182,"Motor Vehicle Parts Manufacturing","Motor Vehicle Body and Trailer Manufacturing","Architectural, Engineering, and Related Services","Computer Systems Design and Related Services","Data Processing, Hosting, and Related Services",0.104235367,0.123082657,0.001837392,0.057457826,0.768264845,3.708,2.341,2.183,1.154,1.11,0.197696737,0.124813393,0.116389422,0.061526978,0.059181062,84,92,72,79,48,17,3,60,46,24
35620,"New York-Newark-Jersey City, NY-NJ-PA",590.099,632.709,671.292,8644.542,9046.127,9427.463,131240.0663,136460.4707,145222.4221,1234079.594,1274178.7,1331100.318,122532.8396,73016.65064,1,0.02611803,0.023512249,0.030039145,0.017490984,0.015251323,0.020859743,0.020454034,0.013087153,0.031604922,0.015251227,0.010715804,0.022092551,0.071206007,0.109099532,45,54,37,48,47,47,56,58,43,57,59,48,70,78,35620,5415,5416,5413,5417,5191,"Computer Systems Design and Related Services","Management, Scientific, and Technical Consulting Services","Architectural, Engineering, and Related Services","Scientific Research and Development Services","Other Information Services",0.037824794,0.073093045,0.034364423,-0.003326935,0.135675471,137.01,92.842,79.199,55.778,44.645,0.204098961,0.138303451,0.117979955,0.083090518,0.066506081,1,2,70,78,54,45,37,58,56,43
35300,"New Haven-Milford, CT",28.502,28.423,27.033,363.083,375.539,378.226,5527.253092,5640.925921,5508.728317,46935.96517,47708.91275,49313.35765,92383.8601,55011.39618,1,-0.010527379,-0.000924767,-0.02475852,0.008205571,0.01130707,0.003571148,-0.000671207,0.006808828,-0.011787191,0.009931142,0.005459516,0.016675896,0.07147314,0.111708644,97,85,100,86,67,97,87,67,97,77,73,71,68,77,35300,5415,3391,5417,5413,3345,"Computer Systems Design and Related Services","Medical Equipment and Supplies Manufacturing","Scientific Research and Development Services","Architectural, Engineering, and Related Services","Navigational, Measuring, Electromedical, and Control Instruments Manufacturing",0.00501552,-0.104612092,0.020843327,0.046587155,-0.036315821,3.415,2.984,2.771,2.447,1.719,0.126327082,0.110383605,0.102504347,0.090518995,0.063588947,75,70,68,77,85,97,100,67,87,97
15380,"Buffalo-Cheektowaga-Niagara Falls, NY",42.965,43.933,44.614,542.749,554.63,561.501,8629.874218,8030.54218,8334.833267,66142.90569,67080.07965,69267.94178,73529.27473,44964.84593,1,0.007560816,0.007454284,0.007720634,0.006816445,0.007244199,0.006175153,-0.006933138,-0.023707093,0.018769711,0.009275667,0.004700843,0.01617699,0.07945489,0.120327428,76,74,67,90,88,92,92,94,62,78,76,74,58,76,15380,5415,5417,5413,3363,3339,"Computer Systems Design and Related Services","Scientific Research and Development Services","Architectural, Engineering, and Related Services","Motor Vehicle Parts Manufacturing","Other General Purpose Machinery Manufacturing",-0.008964916,0.014793186,0.021015227,0.085913985,-0.031336376,4.567,4.388,3.829,3.698,2.464,0.10236697,0.098354777,0.085825077,0.082888779,0.0552293,48,51,58,76,74,76,67,94,92,62
18140,"Columbus, OH",74.003,81.164,81.913,935.888,1007.634,1057.281,10831.34831,12060.3131,12399.97871,91034.9677,98672.36836,102878.9251,83014.03577,51509.53171,1,0.020518075,0.031267597,0.004603518,0.024691916,0.024927104,0.024339234,0.027419215,0.036474656,0.013984178,0.024763469,0.027217564,0.021093315,0.077475146,0.120529824,56,38,76,25,17,35,41,31,74,25,16,53,61,75,18140,5415,3363,5413,5417,5416,"Computer Systems Design and Related Services","Motor Vehicle Parts Manufacturing","Architectural, Engineering, and Related Services","Scientific Research and Development Services","Management, Scientific, and Technical Consulting Services",-0.004457381,0.001243524,0.064876751,0.007891805,0.059212945,17.605,9.668,9.252,6.539,5.714,0.21492315,0.118027663,0.112949105,0.079828599,0.069756937,32,39,61,75,38,56,76,31,41,74
49180,"Winston-Salem, NC",11.891,13.35,14.298,246.97,256.109,263.528,2465.784563,2814.943189,3071.805344,23971.56458,23863.48869,25465.18562,65867.61037,48111.2766,1,0.037555609,0.039331992,0.034896727,0.013063137,0.012185736,0.014380666,0.044931238,0.045132858,0.044628881,0.012162151,-0.001505099,0.03301459,0.054256094,0.120627644,27,27,30,67,63,69,23,22,27,67,90,23,87,74,49180,5416,3331,5415,5413,3359,"Management, Scientific, and Technical Consulting Services","Agriculture, Construction, and Mining Machinery Manufacturing","Computer Systems Design and Related Services","Architectural, Engineering, and Related Services","Other Electrical Equipment and Component Manufacturing",-0.062595985,0.044051383,0.101719132,0.139717339,0.062539111,1.297,1.259,1.039,0.995,0.849,0.090711988,0.088054273,0.072667506,0.069590152,0.059378934,90,86,87,74,27,27,30,22,23,27
17900,"Columbia, SC",23.03,23.74,24.56,364.942,382.797,400.197,4301.084409,4133.136016,4239.408198,32184.75785,33440.46879,35074.66235,81484.40733,44212.2985,1,0.012947379,0.010172618,0.017123817,0.018614833,0.016049561,0.02247489,-0.002884531,-0.013189162,0.012774525,0.017345927,0.012839671,0.024142929,0.061369775,0.120868111,67,69,54,44,45,40,88,89,78,48,51,44,79,73,17900,2211,5413,5415,5416,3252,"Electric Power Generation, Transmission and Distribution","Architectural, Engineering, and Related Services","Computer Systems Design and Related Services","Management, Scientific, and Technical Consulting Services","Resin, Synthetic Rubber, Fibers and Filaments Manufacturing",-0.021018107,0.073633541,0.035214018,0.069739128,0.011022991,3.871,3.065,2.557,1.982,1.66,0.157614007,0.124796417,0.104112378,0.080700326,0.067589577,78,79,79,73,69,67,54,89,88,78
40900,"Sacramento-Roseville-Arden-Arcade, CA",59.469,58.117,58.743,854.426,886.693,935.159,13132.98362,12946.07715,13875.5489,104590.2457,107750.812,113724.817,107787.4408,59334.40075,1,-0.002453619,-0.007636343,0.005371262,0.018221353,0.012432959,0.026966055,0.011060989,-0.00476663,0.035275629,0.016887275,0.00997306,0.02734745,0.062816056,0.122009859,89,94,72,46,62,32,66,84,40,49,62,36,77,72,40900,5415,5416,5413,5417,3341,"Computer Systems Design and Related Services","Management, Scientific, and Technical Consulting Services","Architectural, Engineering, and Related Services","Scientific Research and Development Services","Computer and Peripheral Equipment Manufacturing",0.07015932,-0.020081079,0.009817948,-0.01745226,0.039574461,10.432,9.081,8.837,6.25,3.99,0.177587117,0.154588632,0.150434945,0.106395656,0.067922987,40,35,77,72,94,89,72,84,66,40
10420,"Akron, OH",22.779,24.097,26.077,321.12,329.853,342.5,3591.664099,3678.517062,3786.434768,29304.14546,30267.29785,30977.99,67390.6607,47294.14876,1,0.027411907,0.018926305,0.040272995,0.012974806,0.00898419,0.018990344,0.010617823,0.007996491,0.014562608,0.011171533,0.01083793,0.011672145,0.076137226,0.12222984,43,60,23,68,77,50,70,64,72,70,58,86,63,71,10420,5413,5415,5416,3339,3363,"Architectural, Engineering, and Related Services","Computer Systems Design and Related Services","Management, Scientific, and Technical Consulting Services","Other General Purpose Machinery Manufacturing","Motor Vehicle Parts Manufacturing",0.070543316,0.084859352,0.027512683,0.061773218,0.172069748,2.911,2.774,1.552,1.372,1.371,0.111630939,0.106377267,0.059516049,0.052613414,0.052575066,77,82,63,71,60,43,23,64,70,72
45300,"Tampa-St. Petersburg-Clearwater, FL",87.487,95.736,102.974,1133.618,1203.172,1278.886,14384.11845,15095.66462,15856.3121,112566.0334,118621.1158,127625.3025,78939.26015,49579.65699,1,0.033134375,0.030490323,0.037113178,0.024408138,0.02004734,0.030984315,0.019679732,0.016224504,0.024884614,0.025429682,0.017618235,0.037259425,0.080518514,0.124241132,35,40,26,27,32,23,57,52,55,24,36,16,56,70,45300,5416,5415,5413,6215,3391,"Management, Scientific, and Technical Consulting Services","Computer Systems Design and Related Services","Architectural, Engineering, and Related Services","Medical and Diagnostic Laboratories","Medical Equipment and Supplies Manufacturing",0.063598338,0.040752165,0.040690256,0.09229351,0.031300788,18.963,17.166,13.669,4.949,4.918,0.184153281,0.166702274,0.132742246,0.048060676,0.047759629,26,28,56,70,40,35,26,52,57,55
21340,"El Paso, TX",12.065,14.498,14.149,312.959,323.91,334.651,2548.554551,3737.2737,3869.716429,27029.32774,30169.17065,30991.25582,65105.63036,38720.44913,1,0.032380241,0.063147665,-0.012109462,0.013493427,0.011530472,0.016445004,0.087118888,0.136109846,0.017564901,0.027734146,0.037311937,0.013533019,0.042279868,0.124864783,37,11,95,64,65,60,3,1,64,18,9,80,92,69,21340,5182,5413,5416,5415,5172,"Data Processing, Hosting, and Related Services","Architectural, Engineering, and Related Services","Management, Scientific, and Technical Consulting Services","Computer Systems Design and Related Services","Wireless Telecommunications Carriers (except Satellite)",0.049137955,-0.072695817,0.056489254,0.085406655,-0.026150871,1.913,1.608,1.422,1.27,1.231,0.135203901,0.113647608,0.100501802,0.089758994,0.087002615,91,81,92,69,11,37,95,1,3,64
39300,"Providence-Warwick, RI-MA",55.08,54.772,56.579,686.387,706.403,725.323,8733.53462,8912.94496,9224.353345,70786.92324,71299.0973,72742.11865,76967.62638,50452.6386,1,0.005384689,-0.001867441,0.0163618,0.011096204,0.009627478,0.0133033,0.010995394,0.006801204,0.017319462,0.005464131,0.002406018,0.010068802,0.078005247,0.126808973,82,86,56,74,74,75,67,69,65,85,83,90,60,68,39300,3399,5415,5413,3391,3366,"Other Miscellaneous Manufacturing","Computer Systems Design and Related Services","Architectural, Engineering, and Related Services","Medical Equipment and Supplies Manufacturing","Ship and Boat Building",-0.006977815,0.043061604,0.04401481,-0.00212673,0.065006473,7.587,6.579,4.943,3.984,3.591,0.134095689,0.116279892,0.08736457,0.070414818,0.063468778,42,47,60,68,86,82,56,69,67,65
16860,"Chattanooga, TN-GA",14.922,17.903,17.953,233.047,242.4,250.614,2379.229539,3020.812049,3035.111601,22453.6247,22970.40835,23872.46471,74268.92815,44935.53874,1,0.037676542,0.062591307,0.00139544,0.014640895,0.013202765,0.016801917,0.049899344,0.082835422,0.002364045,0.012330123,0.00761375,0.019446108,0.071636062,0.127138594,26,12,84,58,56,59,17,8,87,66,68,60,67,67,16860,5413,3363,3331,3252,3364,"Architectural, Engineering, and Related Services","Motor Vehicle Parts Manufacturing","Agriculture, Construction, and Mining Machinery Manufacturing","Resin, Synthetic Rubber, Fibers and Filaments Manufacturing","Aerospace Product and Parts Manufacturing",0.005725,-0.007872662,-0.028872083,-0.007084899,-0.033837588,2.026,1.318,1.276,1.187,0.912,0.11285022,0.073413914,0.071074472,0.066117083,0.050799309,85,87,67,67,12,26,84,8,17,87
47260,"Virginia Beach-Norfolk-Newport News, VA-NC",73.143,77.253,76.307,835.908,846.461,854.339,10943.61101,11451.8594,11554.054,85003.27977,85660.02316,86955.35531,86895.96185,48926.5612,1,0.008505619,0.018390161,-0.006141599,0.004371429,0.004190613,0.004642715,0.010915252,0.015247168,0.004452012,0.004551324,0.002568761,0.007532521,0.089317004,0.132873403,73,61,90,96,95,95,68,53,83,90,82,94,40,66,47260,3366,5413,5415,5416,5417,"Ship and Boat Building","Architectural, Engineering, and Related Services","Computer Systems Design and Related Services","Management, Scientific, and Technical Consulting Services","Scientific Research and Development Services",-0.01626306,-0.013327457,-0.021667012,0.097386508,-0.009443474,26.247,11.104,11.053,5.601,4.75,0.343965822,0.145517449,0.144849096,0.073400868,0.062248549,33,40,40,66,61,73,90,53,68,83
17460,"Cleveland-Elyria, OH",85.618,94.636,94.396,1002.114,1041.178,1057.191,13204.51209,14288.15476,14108.16276,100458.5119,105138.6466,106027.4625,80604.64685,51744.00634,1,0.019712405,0.033944194,-0.001268821,0.010758182,0.012828588,0.007660506,0.013327014,0.026639404,-0.006318606,0.010849092,0.015294142,0.00421798,0.089289447,0.133061402,57,33,87,77,58,88,63,39,94,72,43,98,41,65,17460,5415,5413,5416,3363,3339,"Computer Systems Design and Related Services","Architectural, Engineering, and Related Services","Management, Scientific, and Technical Consulting Services","Motor Vehicle Parts Manufacturing","Other General Purpose Machinery Manufacturing",0.035881803,-0.014127186,0.043532834,0.007376741,0.022898153,12.471,8.869,8.079,7.607,6.37,0.132113649,0.093955252,0.085586254,0.080586042,0.067481673,28,34,41,65,33,57,87,39,63,94
30780,"Little Rock-North Little Rock-Conway, AR",22.907,23.878,23.245,350.346,357.704,362.247,3735.02379,4607.344426,4640.725885,31249.09711,33711.98377,34335.96334,74811.74253,45820.52029,1,0.002933798,0.013934524,-0.013343909,0.00670338,0.006952253,0.006330187,0.04437991,0.072471522,0.003616097,0.019019166,0.025610075,0.009212134,0.064168923,0.13515642,86,67,97,93,89,91,24,12,85,42,18,92,75,64,30780,5415,5413,2211,5172,3364,"Computer Systems Design and Related Services","Architectural, Engineering, and Related Services","Electric Power Generation, Transmission and Distribution","Wireless Telecommunications Carriers (except Satellite)","Aerospace Product and Parts Manufacturing",0.031667414,0.050797532,-0.027038227,-0.051732257,0.008110433,6.733,2.618,2.094,1.597,1.56,0.289653689,0.112626371,0.090083889,0.068702947,0.067111207,80,76,75,64,67,86,97,12,24,85
37980,"Philadelphia-Camden-Wilmington, PA-NJ-DE-MD",242.27,244.965,246.917,2736.733,2788.639,2867.694,45576.17638,44207.45022,45662.85244,311840.609,316386.7487,328911.5727,108131.2992,60017.19203,1,0.003807117,0.003694319,0.003976337,0.009392505,0.006282583,0.014075419,0.000380068,-0.010112455,0.016327754,0.010716363,0.004836044,0.019601426,0.08610298,0.138830179,84,80,78,82,90,71,86,87,66,73,75,58,51,63,37980,5415,5416,5413,5417,3254,"Computer Systems Design and Related Services","Management, Scientific, and Technical Consulting Services","Architectural, Engineering, and Related Services","Scientific Research and Development Services","Pharmaceutical and Medicine Manufacturing",0.02296522,-0.003601236,0.011894492,-0.007003665,-0.00558359,41.626,33.142,28.625,25.855,15.007,0.168582965,0.134223241,0.115929644,0.1047113,0.060777508,12,13,51,63,80,84,78,87,86,66
31140,"Louisville/Jefferson County, KY-IN",42.068,53.946,57.696,594.41,628.022,657.136,6580.351807,8124.355768,8298.91816,53253.97024,56528.73097,59710.84691,66986.18937,47138.34193,1,0.065218666,0.08643178,0.03417308,0.020266978,0.018504417,0.02291654,0.047501066,0.072786435,0.010686057,0.023152213,0.020091389,0.027760678,0.087799177,0.138985102,5,1,31,36,37,39,19,11,79,32,28,35,45,62,31140,3363,3361,5415,3352,5416,"Motor Vehicle Parts Manufacturing","Motor Vehicle Manufacturing","Computer Systems Design and Related Services","Household Appliance Manufacturing","Management, Scientific, and Technical Consulting Services",0.043104591,0.077179799,0.050324439,-0.023522418,-0.009781986,9.328,6.456,6.415,5.517,4.684,0.161674986,0.111896839,0.111186217,0.09562188,0.081184138,41,52,45,62,1,5,31,11,19,79
34980,"Nashville-Davidson-Murfreesboro-Franklin, TN",56.011,70.545,82.206,785.18,867.952,934.728,8722.778274,11490.61629,12668.86143,74880.46285,85913.94739,90402.13236,80146.10319,50955.75655,1,0.079757024,0.079935051,0.07949004,0.035483552,0.033972115,0.037754851,0.077498193,0.096216067,0.050018937,0.038393667,0.046883571,0.025787731,0.08794644,0.140138967,1,2,1,5,4,9,4,4,20,9,4,40,44,61,34980,3363,5416,3361,5415,5413,"Motor Vehicle Parts Manufacturing","Management, Scientific, and Technical Consulting Services","Motor Vehicle Manufacturing","Computer Systems Design and Related Services","Architectural, Engineering, and Related Services",0.058631493,0.375320733,0.020691847,0.113210594,0.048671369,14.076,11.559,9.568,8.78,7.246,0.171228377,0.140610174,0.116390531,0.106804856,0.088144418,31,38,44,61,2,1,1,4,4,20
17140,"Cincinnati, OH-KY-IN",80.054,87.348,92.998,998.884,1042.22,1077.6,13357.10094,14259.34276,14699.2161,95995.70289,100927.938,104143.7359,77802.38666,51777.3654,1,0.030429099,0.02949279,0.031835158,0.015286251,0.014257237,0.01683173,0.019333725,0.022027151,0.015306889,0.016427185,0.016841359,0.01580624,0.086301039,0.141143545,41,43,35,53,52,58,58,47,70,51,39,77,50,60,17140,5415,5413,3363,3364,5416,"Computer Systems Design and Related Services","Architectural, Engineering, and Related Services","Motor Vehicle Parts Manufacturing","Aerospace Product and Parts Manufacturing","Management, Scientific, and Technical Consulting Services",0.096938144,-0.011753963,0.07974934,0.034780369,0.053126319,12.425,10.364,9.138,8.367,7.626,0.133605024,0.111443257,0.098260178,0.089969677,0.082001763,29,32,50,60,43,41,35,47,58,70
12060,"Atlanta-Sandy Springs-Roswell, GA",193.738,209.989,229.427,2307.689,2440.109,2613.216,35232.56996,38099.72827,40176.07885,250659.4068,263795.2294,282203.7338,93796.31945,57565.67021,1,0.034393881,0.027213167,0.04525918,0.025178774,0.01877274,0.034863432,0.026608002,0.026421763,0.026887423,0.02399008,0.017171797,0.034303297,0.087794886,0.142365511,32,49,17,23,36,15,43,40,50,29,38,22,47,59,12060,5415,5416,5413,5112,2211,"Computer Systems Design and Related Services","Management, Scientific, and Technical Consulting Services","Architectural, Engineering, and Related Services","Software Publishers","Electric Power Generation, Transmission and Distribution",0.05834602,0.074035357,0.062133945,0.052495722,-0.005083309,56.762,34.685,29.073,14.27,8.297,0.247407672,0.151180986,0.126720046,0.062198433,0.036164009,13,15,47,59,49,32,17,40,43,50
10900,"Allentown-Bethlehem-Easton, PA-NJ",26.922,27.625,28.408,338.606,353.161,362.468,4834.898484,4789.901414,5146.278691,32602.69094,34263.39979,36044.38581,73460.4994,48661.96881,1,0.010803339,0.008629476,0.014072922,0.013712973,0.014127819,0.013091022,0.012560982,-0.003111916,0.036533549,0.02027404,0.016698858,0.0256604,0.078373815,0.142776152,71,72,59,63,53,78,65,82,37,39,40,41,59,58,10900,5413,3399,5415,3353,3362,"Architectural, Engineering, and Related Services","Other Miscellaneous Manufacturing","Computer Systems Design and Related Services","Electrical Equipment Manufacturing","Motor Vehicle Body and Trailer Manufacturing",-0.014756542,0.00939418,0.076110377,0.000899955,0.095222078,2.452,2.213,2.052,1.669,1.473,0.086313714,0.077900591,0.072233174,0.058751056,0.051851591,71,73,59,58,72,71,59,82,65,37
49660,"Youngstown-Warren-Boardman, OH-PA",16.776,16.946,17.373,224.395,229.96,230.488,2799.215156,2809.129504,2889.972454,19870.51036,20051.72101,20165.2014,66759.30674,39201.01129,1,0.007018109,0.003366495,0.012520462,0.005372562,0.008199261,0.001147368,0.006401984,0.001179219,0.014287261,0.002948674,0.003030665,0.0028257,0.075374857,0.143314832,78,81,61,95,82,100,80,76,73,97,81,100,64,57,49660,3361,3363,3313,3365,3339,"Motor Vehicle Manufacturing","Motor Vehicle Parts Manufacturing","Alumina and Aluminum Production and Processing","Railroad Rolling Stock Manufacturing","Other General Purpose Machinery Manufacturing",-0.021684099,-0.007839159,0.057288856,0.286991356,0.014728333,2.008,1.891,1.546,1.07,1.041,0.11558165,0.108847062,0.088988661,0.061589823,0.059920566,86,89,64,57,81,78,61,76,80,73
12260,"Augusta-Richmond County, GA-SC",14.7,15.984,16.47,231.789,235.712,244.286,2934.253841,3140.001713,3074.236516,20878.20147,20879.4084,21406.17891,73232.92659,45062.05745,1,0.022999103,0.02830681,0.015088866,0.010557783,0.005610093,0.018024999,0.009364251,0.022847138,-0.010527574,0.005007293,1.9269e-05,0.012536018,0.067420974,0.143614446,53,47,57,78,91,53,72,46,96,89,87,83,71,56,12260,5413,2211,3369,5415,3251,"Architectural, Engineering, and Related Services","Electric Power Generation, Transmission and Distribution","Other Transportation Equipment Manufacturing","Computer Systems Design and Related Services","Basic Chemical Manufacturing",0.060853699,0.021707302,0.042001988,-0.051316702,-0.103844749,3.769,2.45,1.152,0.801,0.571,0.228840316,0.148755313,0.069945355,0.04863388,0.034669095,87,85,71,56,47,53,57,46,72,96
13820,"Birmingham-Hoover, AL",35.897,39.85,40.099,502.19,517.57,525.212,6477.538473,7444.349688,7318.120061,46710.76745,49247.60661,50905.00942,81902.55752,49928.27138,1,0.022386432,0.035436309,0.003119351,0.009004994,0.010106141,0.007355524,0.02470276,0.047463555,-0.008514465,0.017346052,0.017784991,0.016687998,0.076348217,0.143760312,54,31,81,83,71,89,49,21,95,47,34,70,62,55,13820,2211,5415,5413,3315,3363,"Electric Power Generation, Transmission and Distribution","Computer Systems Design and Related Services","Architectural, Engineering, and Related Services","Foundries","Motor Vehicle Parts Manufacturing",0.002687374,0.029888274,-0.001836127,-0.021859728,0.030765883,6.725,5.542,4.345,3.164,3.061,0.167709918,0.138207935,0.108356817,0.078904711,0.076336068,55,56,62,55,31,54,81,21,49,95
40380,"Rochester, NY",48.615,48.259,48.636,518.187,531.761,535.803,10730.30492,9414.945071,9348.545752,62201.10397,61774.8061,63526.89817,76485.90155,45836.818,1,8.63782e-05,-0.00244693,0.003898408,0.006708477,0.008656573,0.003793385,-0.027193645,-0.042654774,-0.003532512,0.004227041,-0.002289753,0.01408213,0.090772168,0.147158857,88,87,79,92,79,96,99,97,92,93,93,79,38,54,40380,5415,3333,3345,5413,3259,"Computer Systems Design and Related Services","Commercial and Service Industry Machinery Manufacturing","Navigational, Measuring, Electromedical, and Control Instruments Manufacturing","Architectural, Engineering, and Related Services","Other Chemical Product and Preparation Manufacturing",0.056083117,-0.036175497,0.188878015,0.019377474,-0.186553853,5.871,4.982,4.441,4.063,3.194,0.120713052,0.102434411,0.091310963,0.083538942,0.065671519,44,46,38,54,87,88,79,97,99,92
38060,"Phoenix-Mesa-Scottsdale, AZ",140.116,152.589,158.775,1716.514,1837.888,1939.461,24952.58106,27420.34046,29008.8591,173822.6601,184051.8245,195949.6493,95028.85608,51808.71659,1,0.0253187,0.028833662,0.02006876,0.024723604,0.02303517,0.027261482,0.030583143,0.031935269,0.028558276,0.024253885,0.019243409,0.031815819,0.081865529,0.148042414,47,46,51,24,22,31,37,35,48,28,29,26,54,53,38060,5415,3344,5413,5416,3364,"Computer Systems Design and Related Services","Semiconductor and Other Electronic Component Manufacturing","Architectural, Engineering, and Related Services","Management, Scientific, and Technical Consulting Services","Aerospace Product and Parts Manufacturing",0.120612233,-0.040262414,-0.010307428,-0.02899801,-0.02461958,25.619,20.569,17.91,15.358,14.163,0.161354117,0.129548103,0.112801134,0.096728074,0.089201701,16,18,54,53,46,47,51,35,37,48
12580,"Baltimore-Columbia-Towson, MD",117.706,123.456,125.035,1304.468,1364.742,1398.34,22741.71868,23283.54717,24207.85474,150721.9033,155730.0332,162559.5439,104742.4724,59680.20515,1,0.012154009,0.016025326,0.006374673,0.013995132,0.015170625,0.012234445,0.01257361,0.00787952,0.019655768,0.015236494,0.010955413,0.02169213,0.089416737,0.148916847,68,64,70,61,48,79,64,65,60,58,56,50,39,52,12580,5415,5413,5416,5417,3345,"Computer Systems Design and Related Services","Architectural, Engineering, and Related Services","Management, Scientific, and Technical Consulting Services","Scientific Research and Development Services","Navigational, Measuring, Electromedical, and Control Instruments Manufacturing",0.03350643,0.016579463,0.010102697,0.008777501,-0.0179937,35.147,22.286,16.128,13.159,9.518,0.281097293,0.178238093,0.128987883,0.105242532,0.076122686,21,20,39,52,64,68,70,65,64,60
16980,"Chicago-Naperville-Elgin, IL-IN-WI",372.319,405.807,425.925,4293.538,4486.727,4629.703,70232.88614,74124.35209,78554.27934,490753.5373,504673.261,524312.9865,105282.7282,61659.20743,1,0.02726759,0.02912496,0.024487819,0.015190545,0.014778938,0.015808267,0.022647278,0.018138355,0.02944813,0.013317249,0.009366652,0.019272154,0.091998342,0.149823257,44,45,44,54,50,63,54,48,46,62,64,61,36,51,16980,5415,5416,5413,5417,3254,"Computer Systems Design and Related Services","Management, Scientific, and Technical Consulting Services","Architectural, Engineering, and Related Services","Scientific Research and Development Services","Pharmaceutical and Medicine Manufacturing",0.050723304,0.039556799,0.030972301,-0.005427007,0.046447883,71.249,70.926,38.982,19.83,18.329,0.167280625,0.166522275,0.091523155,0.046557493,0.043033398,4,9,36,51,45,44,44,48,54,46
28140,"Kansas City, MO-KS",86.447,95.09,109.208,990.822,1025.693,1066.67,13333.13221,13676.40873,15204.05589,94272.1655,97146.30481,100409.7376,80506.57773,52752.74774,1,0.047854313,0.032273964,0.071666866,0.014861758,0.011596342,0.019779658,0.026609915,0.008509427,0.054371584,0.012694543,0.010060996,0.016657744,0.10238218,0.151420134,15,36,5,57,64,49,42,63,16,65,61,72,23,50,28140,5415,5413,5416,3361,3363,"Computer Systems Design and Related Services","Architectural, Engineering, and Related Services","Management, Scientific, and Technical Consulting Services","Motor Vehicle Manufacturing","Motor Vehicle Parts Manufacturing",0.071771206,0.018024115,0.148333256,0.340156102,0.108026521,23.871,17.922,10.821,5.864,4.96,0.218582888,0.164108856,0.099086148,0.0536957,0.045417918,23,30,23,50,36,15,5,63,42,16
10580,"Albany-Schenectady-Troy, NY",33.708,38.648,41.085,442.256,455.862,464.585,7131.211941,7845.102317,8443.195008,51812.34111,53292.27208,55335.71466,93371.98372,51740.62341,1,0.040375368,0.04664165,0.031046218,0.009899809,0.010151592,0.009522252,0.034352802,0.032313855,0.037418776,0.013244982,0.009431857,0.018991693,0.088433763,0.152581295,23,20,36,80,70,85,35,34,36,63,63,62,43,49,10580,5417,5413,5415,3336,3344,"Scientific Research and Development Services","Architectural, Engineering, and Related Services","Computer Systems Design and Related Services","Engine, Turbine, and Power Transmission Equipment Manufacturing","Semiconductor and Other Electronic Component Manufacturing",-0.002227924,0.03756746,0.012407162,-0.007146061,0.064076155,9.618,5.274,4.844,2.838,2.808,0.234100037,0.128368018,0.117901911,0.069076305,0.068346112,54,50,43,49,20,23,36,34,35,36
25540,"Hartford-West Hartford-East Hartford, CT",63.952,65.204,67.801,618.363,633.344,644.524,13557.79847,13436.84753,14164.72993,90172.23956,89012.92355,92557.37733,94888.41465,63103.48311,1,0.01175741,0.0064836,0.019719984,0.008321714,0.008011271,0.008787557,0.0087971,-0.002982598,0.026728115,0.005235082,-0.00430406,0.019715422,0.105195462,0.153037287,69,76,52,85,84,87,74,81,51,87,95,57,18,48,25540,3364,5415,5413,5152,5416,"Aerospace Product and Parts Manufacturing","Computer Systems Design and Related Services","Architectural, Engineering, and Related Services","Cable and Other Subscription Programming","Management, Scientific, and Technical Consulting Services",-0.014966104,0.06852643,0.057923435,0.041608294,0.075672274,16.461,11.478,6.732,4.368,4.361,0.24278403,0.169289539,0.099290571,0.064423829,0.064320585,37,33,18,48,76,69,52,81,74,51
14860,"Bridgeport-Stamford-Norwalk, CT",48.115,46.759,46.674,418.476,434.283,444.011,10877.83456,9961.126018,10026.51297,63848.79254,62808.5268,65212.82161,126947.9197,86222.11712,1,-0.006062889,-0.009483818,-0.000909329,0.011916401,0.012435639,0.011138042,-0.016166754,-0.028919287,0.003276738,0.004236635,-0.005460646,0.018960133,0.105119017,0.153750639,91,95,86,70,61,82,95,95,86,92,96,63,19,47,14860,3364,5415,5416,3345,5413,"Aerospace Product and Parts Manufacturing","Computer Systems Design and Related Services","Management, Scientific, and Technical Consulting Services","Navigational, Measuring, Electromedical, and Control Instruments Manufacturing","Architectural, Engineering, and Related Services",-0.035640204,0.049540573,-0.002195392,-0.072917223,0.001591091,7.306,6.672,6.356,2.624,2.52,0.156532545,0.142948965,0.136178601,0.056219737,0.053991516,45,44,19,47,95,91,86,95,95,86
41180,"St. Louis, MO-IL",110.131,110.589,114.316,1310.282,1330.965,1370.336,18827.82502,18908.87536,20245.87974,127863.7534,128766.9224,131412.3075,97006.48579,53073.1117,1,0.007487085,0.001384311,0.016711052,0.009003002,0.005234272,0.014682607,0.014629067,0.001432885,0.0347501,0.005489914,0.002348987,0.010219768,0.083421876,0.154063802,77,83,55,84,92,68,62,75,41,84,84,88,52,46,41180,3364,5415,5413,5416,5182,"Aerospace Product and Parts Manufacturing","Computer Systems Design and Related Services","Architectural, Engineering, and Related Services","Management, Scientific, and Technical Consulting Services","Data Processing, Hosting, and Related Services",0.018093302,0.043263736,0.011031305,0.041612206,-0.043588044,17.174,16.794,13.178,8.135,5.846,0.150232688,0.146908569,0.115276952,0.071162392,0.051138948,22,24,52,46,83,77,55,75,62,41
41700,"San Antonio-New Braunfels, TX",56.279,65.31,66.984,905.266,971.719,1031.098,11232.45256,14909.23327,16000.15297,84354.88085,96319.63847,103645.7616,77523.6332,47043.06802,1,0.035440007,0.050858974,0.012734715,0.026371885,0.0238936,0.030100564,0.073321696,0.098989574,0.035939547,0.0420493,0.045205154,0.037333376,0.064963757,0.154373442,29,18,60,22,20,25,5,3,39,6,5,15,73,45,41700,5413,5416,5182,5415,5417,"Architectural, Engineering, and Related Services","Management, Scientific, and Technical Consulting Services","Data Processing, Hosting, and Related Services","Computer Systems Design and Related Services","Scientific Research and Development Services",-0.068081269,0.109569949,0.021173045,0.088195971,-0.013064694,8.881,7.803,7.359,7.002,4.953,0.132583901,0.116490505,0.109862057,0.104532426,0.073943031,39,27,73,45,18,29,60,3,5,39
28940,"Knoxville, TN",32.49,33.939,34.723,368.083,378.814,395.483,4869.910453,5344.257026,5484.167584,33377.83731,34637.59245,35339.71063,85978.19226,45626.70203,1,0.013382746,0.014650429,0.011484191,0.014463468,0.009624979,0.021764711,0.024042423,0.031467275,0.013005236,0.011488522,0.012425717,0.010084358,0.08779897,0.155184281,65,66,63,59,75,44,50,36,76,69,53,89,46,44,28940,5417,3363,5413,5416,5415,"Scientific Research and Development Services","Motor Vehicle Parts Manufacturing","Architectural, Engineering, and Related Services","Management, Scientific, and Technical Consulting Services","Computer Systems Design and Related Services",-0.005829188,0.046861763,0.005736374,-0.044460022,0.0911276,6.547,5.667,5.099,3.014,2.043,0.188549376,0.163205944,0.146847911,0.086801256,0.058837082,61,71,46,44,66,65,63,36,50,76
31080,"Los Angeles-Long Beach-Anaheim, CA",489.984,515.036,523.268,5338.468,5619.575,5864.548,114850.9322,124190.8224,130768.4634,753110.2758,793496.874,841081.8647,109417.1513,63272.94841,1,0.01323097,0.016760258,0.007959994,0.01897512,0.017252914,0.021563898,0.026298512,0.026403977,0.026140335,0.022341379,0.017565129,0.029547822,0.089225632,0.155476499,66,63,66,42,40,46,44,41,52,34,37,29,42,43,31080,5416,5413,5415,3364,3345,"Management, Scientific, and Technical Consulting Services","Architectural, Engineering, and Related Services","Computer Systems Design and Related Services","Aerospace Product and Parts Manufacturing","Navigational, Measuring, Electromedical, and Control Instruments Manufacturing",0.012726546,0.019616635,0.040790124,-0.002510086,-0.013029159,72.912,61.955,51.583,50.207,38.041,0.139339688,0.118400131,0.098578549,0.095948921,0.072698885,2,3,42,43,63,66,66,41,44,52
33340,"Milwaukee-Waukesha-West Allis, WI",79.657,84.779,85.896,818.936,844.854,864.65,12144.24705,12790.84905,12801.89156,77069.63077,79901.30055,81098.91532,91004.49908,52072.58271,1,0.015195768,0.020989904,0.006566159,0.010922998,0.010440086,0.011647798,0.010603296,0.017441841,0.000431564,0.010244171,0.01210023,0.007466464,0.09934193,0.157855275,63,59,69,75,69,80,71,50,90,75,54,95,27,42,33340,5415,3353,3345,5413,5416,"Computer Systems Design and Related Services","Electrical Equipment Manufacturing","Navigational, Measuring, Electromedical, and Control Instruments Manufacturing","Architectural, Engineering, and Related Services","Management, Scientific, and Technical Consulting Services",0.018075422,0.009259457,-0.008510793,0.026902537,0.03465706,9.263,9.198,6.612,5.763,5.693,0.107839713,0.107082984,0.076976809,0.067092763,0.066277824,30,37,27,42,59,63,69,50,71,90
38300,"Pittsburgh, PA",96.453,104.1,109.182,1141.039,1173.024,1177.391,15976.44854,18452.94548,20382.68658,116885.7234,123331.1838,127985.532,80121.53582,53279.85101,1,0.025101953,0.025758198,0.024118374,0.006292057,0.009257851,0.001859699,0.049920067,0.049208543,0.050988258,0.018309703,0.018053209,0.018694565,0.092732151,0.15925774,48,51,47,94,76,98,16,20,19,46,33,65,35,41,38300,5413,5415,5416,5417,3311,"Architectural, Engineering, and Related Services","Computer Systems Design and Related Services","Management, Scientific, and Technical Consulting Services","Scientific Research and Development Services","Iron and Steel Mills and Ferroalloy Manufacturing",0.008438064,0.11271708,0.075925468,0.040390691,-0.045076122,18.902,14.719,10.914,7.447,6.302,0.173123775,0.134811599,0.099961532,0.068207214,0.057720137,24,23,35,41,51,48,47,20,16,19
19380,"Dayton, OH",38.278,38.707,39.827,370.95,379.208,389.326,5485.04627,5597.766712,5742.360603,34265.50735,35103.88387,35797.01291,75362.71241,46948.94029,1,0.007965508,0.003721957,0.014364498,0.009716856,0.007366193,0.01325314,0.009211134,0.00680377,0.012832977,0.008783394,0.008090064,0.009824282,0.102297304,0.160414519,74,79,58,81,87,76,73,68,77,80,67,91,24,40,19380,5415,5413,3363,5191,5417,"Computer Systems Design and Related Services","Architectural, Engineering, and Related Services","Motor Vehicle Parts Manufacturing","Other Information Services","Scientific Research and Development Services",0.047497928,0.00263992,0.091894515,-0.031588908,0.00343262,7.187,3.803,3.715,2.564,2.489,0.18045547,0.095487986,0.093278429,0.064378437,0.062495292,56,67,24,40,79,74,58,68,73,77
41620,"Salt Lake City, UT",63.562,70.178,73.795,597.56,649.229,686.354,9613.700282,9773.087104,10910.05219,59318.26793,63204.51898,67648.53081,78795.72471,51239.05018,1,0.030305164,0.033557107,0.025446424,0.028095197,0.028029232,0.028194151,0.025621816,0.005496115,0.056568185,0.026630072,0.021378135,0.034558657,0.107517404,0.161275523,42,35,42,18,9,27,47,73,13,19,22,20,17,39,41620,5415,5413,3391,5416,3345,"Computer Systems Design and Related Services","Architectural, Engineering, and Related Services","Medical Equipment and Supplies Manufacturing","Management, Scientific, and Technical Consulting Services","Navigational, Measuring, Electromedical, and Control Instruments Manufacturing",0.090453473,0.007700714,0.065812239,0.080138982,-0.074750689,12.162,8.21,7.595,5.795,5.556,0.164807914,0.11125415,0.102920252,0.078528356,0.075289654,36,43,17,39,35,42,42,73,47,13
45060,"Syracuse, NY",28.276,27.772,27.882,316.591,320.925,321.829,6223.724028,6007.219224,6267.882617,37989.44733,37771.64134,38561.50705,88614.90263,45122.48933,1,-0.002802479,-0.005977089,0.001978455,0.003287317,0.00454253,0.001407438,0.00141503,-0.011732793,0.021465462,0.002993699,-0.001914774,0.010401706,0.086636071,0.16254247,90,92,83,100,94,99,84,88,58,96,91,87,49,38,45060,2211,5413,5417,3345,5415,"Electric Power Generation, Transmission and Distribution","Architectural, Engineering, and Related Services","Scientific Research and Development Services","Navigational, Measuring, Electromedical, and Control Instruments Manufacturing","Computer Systems Design and Related Services",0.014123142,-0.001461775,-0.039035759,-0.016223998,0.103343808,3.507,3.413,3.028,2.556,2.229,0.125780073,0.122408722,0.108600531,0.091672046,0.07994405,73,60,49,38,92,90,83,88,84,58
33460,"Minneapolis-St. Paul-Bloomington, MN-WI",166.409,178.458,187.014,1782.448,1892.341,1960.925,27746.15869,31205.03267,33712.55538,185088.4538,196802.5046,206339.687,94287.03444,58476.16821,1,0.023621647,0.023575158,0.023691386,0.019269017,0.020142506,0.017960186,0.039723264,0.039937547,0.039401922,0.021975979,0.020666274,0.023943688,0.095370297,0.163383767,51,53,48,40,31,54,28,26,30,35,24,46,32,37,33460,5415,3345,5413,5416,3391,"Computer Systems Design and Related Services","Navigational, Measuring, Electromedical, and Control Instruments Manufacturing","Architectural, Engineering, and Related Services","Management, Scientific, and Technical Consulting Services","Medical Equipment and Supplies Manufacturing",0.049246125,0.019751969,0.034357845,0.047762802,0.008071327,33,23.955,17.205,14.917,14.358,0.176457378,0.128092015,0.09199846,0.079764082,0.076775001,14,16,32,37,53,51,48,26,28,30
10740,"Albuquerque, NM",40.032,38.399,38.426,383.291,385.372,390.756,6565.540528,6445.826837,6157.420366,37055.12838,37101.16472,37344.58999,76888.66007,45220.71615,1,-0.008155526,-0.013786654,0.00035151,0.003865217,0.0018065,0.006961229,-0.012753362,-0.006115199,-0.022627569,0.001557471,0.000413953,0.003275198,0.098337582,0.164881188,94,98,85,98,98,90,93,86,99,98,86,99,28,36,10740,5417,5413,3344,5172,5415,"Scientific Research and Development Services","Architectural, Engineering, and Related Services","Semiconductor and Other Electronic Component Manufacturing","Wireless Telecommunications Carriers (except Satellite)","Computer Systems Design and Related Services",0.038267203,-0.00320881,-0.101755328,-0.018563409,0.027978814,12.411,4.342,3.985,3.64,2.626,0.322984438,0.112996409,0.103705824,0.094727528,0.068339145,57,62,28,36,98,94,85,86,93,99
46060,"Tucson, AZ",34.84,34.429,32.958,364.182,373.993,378.32,6163.489349,6149.28902,6414.517201,35526.27591,36971.00493,38299.02801,76033.64476,45176.78237,1,-0.011044977,-0.003947827,-0.021595998,0.007646417,0.008900489,0.005768231,0.008016091,-0.000768572,0.021338103,0.01514391,0.013375788,0.017801879,0.087116727,0.167485117,98,90,99,87,78,94,76,80,59,59,50,68,48,35,46060,3364,5415,5413,5417,2122,"Aerospace Product and Parts Manufacturing","Computer Systems Design and Related Services","Architectural, Engineering, and Related Services","Scientific Research and Development Services","Metal Ore Mining",-0.023587472,0.01756399,-0.104382393,-0.005721525,0.002850116,10.573,3.594,3.162,2.166,1.938,0.320802233,0.109047879,0.095940288,0.065720007,0.058802112,64,59,48,35,90,98,99,80,76,59
16740,"Charlotte-Concord-Gastonia, NC-SC",81.916,93.213,106.203,970.012,1045.731,1121.947,15797.89337,18604.11296,20051.30168,101061.1646,108310.867,118142.0767,86945.05041,57066.24934,1,0.053303699,0.04400501,0.067407253,0.029530096,0.02537083,0.035800651,0.04883864,0.056014618,0.038166,0.031725252,0.023361901,0.044398608,0.094659552,0.169721933,12,21,7,14,16,13,18,17,33,11,19,8,33,34,16740,5416,5415,5413,3363,5182,"Management, Scientific, and Technical Consulting Services","Computer Systems Design and Related Services","Architectural, Engineering, and Related Services","Motor Vehicle Parts Manufacturing","Data Processing, Hosting, and Related Services",0.11941557,0.148908872,0.049604388,0.061327044,0.057811664,17.735,12.565,9.503,8.358,7.788,0.166991516,0.118311159,0.089479582,0.078698342,0.073331262,25,25,33,34,21,12,7,17,18,33
24340,"Grand Rapids-Wyoming, MI",37.714,46.817,52.154,463.802,510.981,537.353,6273.853972,8152.62369,8845.351021,43649.10971,47548.66408,50388.82933,70375.48106,46661.57865,1,0.066981784,0.074732366,0.055460588,0.029877125,0.032818587,0.025480633,0.071115079,0.091241809,0.041618867,0.029133643,0.028934296,0.029432736,0.097057242,0.175541904,4,3,14,12,8,34,6,6,28,15,13,30,29,33,24340,3363,3345,3339,5413,3344,"Motor Vehicle Parts Manufacturing","Navigational, Measuring, Electromedical, and Control Instruments Manufacturing","Other General Purpose Machinery Manufacturing","Architectural, Engineering, and Related Services","Semiconductor and Other Electronic Component Manufacturing",0.004698126,0.030950858,0.042577582,0.018107132,0.105680935,13.397,4.802,4.112,3.801,3.527,0.256873874,0.092073475,0.078843425,0.072880316,0.067626644,43,48,29,33,3,4,14,6,6,28
16700,"Charleston-North Charleston, SC",30.295,34.314,36.572,302.578,327.322,348.578,4323.249668,4873.368458,5250.923655,25621.30143,28483.92225,29535.92887,80608.10183,46741.22544,1,0.038378174,0.042397745,0.03237786,0.028708966,0.026548051,0.031958871,0.03964502,0.040733762,0.03801404,0.028844854,0.035935864,0.018299243,0.104917694,0.177780888,25,24,34,16,11,18,29,25,34,16,10,67,20,32,16700,5413,5415,3364,3363,5416,"Architectural, Engineering, and Related Services","Computer Systems Design and Related Services","Aerospace Product and Parts Manufacturing","Motor Vehicle Parts Manufacturing","Management, Scientific, and Technical Consulting Services",-0.017288537,0.074683277,0.039991922,0.044321076,0.049754832,5.86,5.583,5.356,2.949,2.831,0.160231871,0.152657771,0.146450837,0.080635459,0.077408947,59,72,20,32,24,25,34,25,29,34
14260,"Boise City, ID",20.651,22.807,24.375,265.224,286.044,304.666,3934.339039,4084.039918,4642.399672,23136.25817,24489.10758,26100.64033,88199.02027,42909.67702,1,0.033714736,0.033655196,0.033804054,0.028116275,0.025510254,0.032037728,0.033651523,0.012525723,0.066169549,0.024404808,0.019123022,0.032378857,0.080005646,0.177865356,34,34,33,17,15,17,36,59,10,27,30,25,57,31,14260,3344,5413,5415,5416,3341,"Semiconductor and Other Electronic Component Manufacturing","Architectural, Engineering, and Related Services","Computer Systems Design and Related Services","Management, Scientific, and Technical Consulting Services","Computer and Peripheral Equipment Manufacturing",0.044266071,0.059480591,0.106024409,-0.023069755,-0.075130706,8.074,3.198,2.164,1.988,1.875,0.331241026,0.1312,0.088779487,0.081558974,0.076923077,79,75,57,31,34,34,33,59,36,10
36420,"Oklahoma City, OK",37.883,45.952,46.407,590.553,630.494,651.194,8521.212958,10087.17203,11204.95319,52741.71335,58582.10393,61976.25532,92775.36115,47600.5016,1,0.041424585,0.066481562,0.004938623,0.019741989,0.022054432,0.016283129,0.056286491,0.057846539,0.053950731,0.032795221,0.035627507,0.028561309,0.071264477,0.180794292,21,8,74,38,24,61,12,13,17,10,11,33,69,30,36420,2111,5413,5415,5416,3331,"Oil and Gas Extraction","Architectural, Engineering, and Related Services","Computer Systems Design and Related Services","Management, Scientific, and Technical Consulting Services","Agriculture, Construction, and Mining Machinery Manufacturing",0.000302557,-0.001254706,0.06032375,-0.019379,0.002937823,9.92,4.773,4.333,4.209,3.077,0.213760855,0.102850863,0.093369535,0.090697524,0.066304652,47,41,69,30,8,21,74,13,12,17
24660,"Greensboro-High Point, NC",26.203,27.017,26.73,342.679,351.454,361.051,6313.187056,6650.096144,6852.34226,36232.74205,35911.20924,37874.02202,79534.49746,46180.53738,1,0.003990465,0.010249634,-0.005325652,0.010499754,0.008463846,0.013561326,0.016525033,0.017481267,0.015092365,0.008899821,-0.002966825,0.026965133,0.074033862,0.180924599,83,68,89,79,81,73,61,49,71,79,94,37,65,29,24660,6215,3362,5415,3359,3344,"Medical and Diagnostic Laboratories","Motor Vehicle Body and Trailer Manufacturing","Computer Systems Design and Related Services","Other Electrical Equipment and Component Manufacturing","Semiconductor and Other Electronic Component Manufacturing",0.058209624,0.068750009,0.023340084,-0.110069193,-0.032992635,2.561,2.329,2.151,1.915,1.902,0.095809951,0.087130565,0.08047138,0.071642349,0.071156004,76,58,65,29,68,83,89,49,61,71
24860,"Greenville-Anderson-Mauldin, SC",33.68,39.27,41.633,363.453,387.81,409.321,5207.02874,5827.575302,6186.126959,31013.10979,32304.88662,33969.51346,71334.31177,43930.0059,1,0.043309411,0.05251818,0.029647105,0.024054697,0.021857292,0.027359666,0.035060585,0.038243705,0.030304193,0.018377515,0.013695771,0.025440705,0.101712348,0.1821082,18,17,38,30,25,30,34,29,44,45,48,42,25,28,24860,5413,3363,3336,3339,5416,"Architectural, Engineering, and Related Services","Motor Vehicle Parts Manufacturing","Engine, Turbine, and Power Transmission Equipment Manufacturing","Other General Purpose Machinery Manufacturing","Management, Scientific, and Technical Consulting Services",-0.015421901,0.098731405,-0.027254765,0.050615936,0.135907441,6.303,6.228,3.115,3.084,2.258,0.151394327,0.149592871,0.074820455,0.074075853,0.054235823,53,61,25,28,17,18,38,29,34,44
47900,"Washington-Arlington-Alexandria, DC-VA-MD-WV",428.705,434.542,442.258,3084.444,3190.964,3264.331,73637.90776,72585.41497,76589.4773,395755.0235,399904.7996,412926.5225,116147.285,72765.92485,1,0.006244292,0.004518031,0.008839247,0.011401189,0.011381499,0.011430725,0.007890921,-0.004787151,0.027211495,0.008531038,0.003483094,0.016150607,0.135481972,0.185479675,80,78,65,73,66,81,77,85,49,81,79,75,7,27,47900,5415,5416,5413,5417,5182,"Computer Systems Design and Related Services","Management, Scientific, and Technical Consulting Services","Architectural, Engineering, and Related Services","Scientific Research and Development Services","Data Processing, Hosting, and Related Services",0.016521991,0.007155588,-0.016732488,0.008012738,0.051598655,176.691,98.1,50.839,46.227,10.927,0.39952019,0.221816225,0.114953263,0.104524961,0.024707298,3,10,7,27,78,80,65,85,77,49
31540,"Madison, WI",34.215,39.257,44.143,371.999,386.15,400.793,5443.16176,6291.390513,7346.194966,35594.58493,37576.36646,39171.44229,77045.29042,48695.06821,1,0.052274534,0.046887918,0.060406469,0.015022504,0.01252267,0.018783832,0.061798829,0.049458173,0.080582434,0.019335445,0.018224673,0.021003874,0.110139149,0.187539558,13,19,11,56,60,51,9,18,5,40,32,54,16,26,31540,5112,5417,5413,5415,5416,"Software Publishers","Scientific Research and Development Services","Architectural, Engineering, and Related Services","Computer Systems Design and Related Services","Management, Scientific, and Technical Consulting Services",0.132275581,0.048681589,0.009634385,0.062678361,0.174079702,9.991,4.532,3.896,3.887,2.637,0.226332601,0.102666334,0.088258614,0.088054731,0.059737671,49,55,16,26,19,13,11,18,9,5
49340,"Worcester, MA-CT",29.334,29.824,32.131,368.117,380.501,392.246,6531.526177,6749.983625,7833.100219,38522.60498,39795.25913,41728.41435,96819.93293,50602.28039,1,0.01838171,0.005537337,0.037956554,0.012778632,0.011090375,0.015316305,0.037012049,0.011026834,0.077247468,0.016115899,0.010893095,0.024000745,0.081915431,0.18771622,59,77,24,69,68,65,32,62,8,55,57,45,53,25,49340,5415,5417,3344,5416,5413,"Computer Systems Design and Related Services","Scientific Research and Development Services","Semiconductor and Other Electronic Component Manufacturing","Management, Scientific, and Technical Consulting Services","Architectural, Engineering, and Related Services",-0.002305289,0.056373084,0.080344492,0.058687287,0.03060511,4.539,2.705,2.444,2.245,1.88,0.141265445,0.084186611,0.076063615,0.069870219,0.058510473,65,54,53,25,77,59,24,62,32,8
19740,"Denver-Aurora-Lakewood, CO",119.102,135.061,146.826,1209.845,1314.145,1413.344,25341.49374,27340.10158,31774.50685,139899.4055,148628.8625,162982.6162,103370.3373,62843.42676,1,0.042741798,0.042806274,0.042645092,0.0315817,0.027948091,0.03705621,0.046283368,0.025626667,0.078051101,0.031015236,0.020381153,0.047174518,0.103885537,0.194956417,20,23,21,7,10,10,22,42,6,12,26,6,21,24,19740,5415,5413,5416,2111,5182,"Computer Systems Design and Related Services","Architectural, Engineering, and Related Services","Management, Scientific, and Technical Consulting Services","Oil and Gas Extraction","Data Processing, Hosting, and Related Services",0.062044033,0.024213986,0.072635107,0.046922584,0.082285392,30.91,29,17.593,7.292,6.932,0.210521297,0.197512702,0.119822102,0.049664228,0.047212347,17,17,21,24,23,20,21,42,22,6
17820,"Colorado Springs, CO",28.36,28.098,28.526,287.052,298.394,313.011,5417.467798,5427.407327,5642.07191,26464.24361,27286.804,28738.52749,108048.1391,49436.23762,1,0.001167932,-0.003088987,0.007587416,0.017465763,0.013000912,0.024199966,0.008157663,0.000611199,0.019584208,0.016625515,0.010255124,0.026256499,0.091134177,0.196324321,87,88,68,49,57,36,75,77,61,50,60,39,37,23,17820,5415,5413,5416,3344,5417,"Computer Systems Design and Related Services","Architectural, Engineering, and Related Services","Management, Scientific, and Technical Consulting Services","Semiconductor and Other Electronic Component Manufacturing","Scientific Research and Development Services",0.040798485,0.002593769,0.009770278,-0.001852589,-0.045407835,8.795,4.838,2.129,1.884,1.499,0.308315221,0.169599663,0.074633668,0.066045012,0.052548552,70,68,37,23,88,87,68,77,75,61
46140,"Tulsa, OK",38.848,43.291,43.808,427.134,445.689,458.879,7264.191781,7788.79926,8735.693831,39098.89799,41515.40926,44488.08463,80821.45658,47865.70193,1,0.024323066,0.036755428,0.005953496,0.014441034,0.014275474,0.014689424,0.037581024,0.023515451,0.059042641,0.026161788,0.020191269,0.035183145,0.095467433,0.196360304,50,29,71,60,51,67,30,45,12,22,27,18,30,22,46140,3339,5413,2111,3364,3331,"Other General Purpose Machinery Manufacturing","Architectural, Engineering, and Related Services","Oil and Gas Extraction","Aerospace Product and Parts Manufacturing","Agriculture, Construction, and Mining Machinery Manufacturing",0.017044962,0.032429441,-0.016340787,-0.050191202,-0.016162401,5.927,4.981,4.388,4.222,3.532,0.135294923,0.113700694,0.100164354,0.096375091,0.080624543,50,49,30,22,29,50,71,45,30,12
12540,"Bakersfield, CA",14.84,16.528,15.892,277.389,308.174,317.709,9141.691314,10263.18316,8149.16539,37228.26905,40811.01583,41223.32859,128139.6851,49482.81238,1,0.013792166,0.036562439,-0.019428817,0.02751473,0.035703841,0.01535231,-0.022723814,0.039326121,-0.1089224,0.020596424,0.031101741,0.005038794,0.050020616,0.197683343,64,30,98,19,3,64,96,27,100,37,12,97,90,21,12540,5413,2111,5416,5415,3359,"Architectural, Engineering, and Related Services","Oil and Gas Extraction","Management, Scientific, and Technical Consulting Services","Computer Systems Design and Related Services","Other Electrical Equipment and Component Manufacturing",-0.033344953,0.031809017,-0.088853097,-0.024060609,0.032292825,3.605,2.718,1.672,1.182,0.958,0.226843695,0.171029449,0.105210169,0.074377045,0.060281903,88,53,90,21,30,64,98,27,96,100
36260,"Ogden-Clearfield, UT",22.74,25.85,27.814,221.276,234.429,249.617,3922.853637,4002.483187,4532.231694,20542.61603,21121.32406,22741.85982,67674.23168,42566.58221,1,0.041105158,0.043654369,0.03729301,0.024396225,0.01943375,0.031885268,0.029300064,0.006721021,0.064121685,0.020549433,0.009303541,0.037653653,0.111426706,0.199290284,22,22,25,28,33,19,40,70,11,38,65,14,14,20,36260,3364,3363,5413,3399,5415,"Aerospace Product and Parts Manufacturing","Motor Vehicle Parts Manufacturing","Architectural, Engineering, and Related Services","Other Miscellaneous Manufacturing","Computer Systems Design and Related Services",0.075972666,0.069935757,0.047126657,0.122769809,0.067600166,4.118,3.519,2.83,2.554,2.479,0.148054936,0.126519019,0.101747321,0.091824261,0.089127777,74,77,14,20,22,22,25,70,40,11
45780,"Toledo, OH",22.593,27.795,31.427,286.788,300.186,309.775,4462.646012,5259.466085,5790.734923,26394.44205,27912.74312,28597.55806,71097.71633,45275.123,1,0.068232544,0.071513364,0.063330139,0.015540103,0.015336081,0.015846213,0.05348474,0.056289769,0.049291158,0.016162802,0.01881816,0.012192735,0.101451053,0.202490538,3,6,9,52,46,62,14,16,21,54,31,84,26,19,45780,3363,3361,5413,3279,5415,"Motor Vehicle Parts Manufacturing","Motor Vehicle Manufacturing","Architectural, Engineering, and Related Services","Other Nonmetallic Mineral Product Manufacturing","Computer Systems Design and Related Services",0.064827811,0.29599294,0.015120632,0.066575779,0.07598503,8.352,5.845,2.807,1.695,1.211,0.265758742,0.185986572,0.089318102,0.053934515,0.038533745,67,66,26,19,6,3,9,16,14,21
37340,"Palm Bay-Melbourne-Titusville, FL",28.132,27.27,28.55,197.674,196.672,205.289,4113.238799,3880.627476,4001.352846,18544.68385,18072.77376,18864.57959,86874.35128,49123.50514,1,0.002954199,-0.010319888,0.023199896,0.007588555,-0.001692514,0.021672191,-0.005500463,-0.019217571,0.015435746,0.003426438,-0.008555382,0.02167122,0.139072235,0.212109304,85,96,49,89,100,45,91,93,69,95,97,51,6,18,37340,3343,5413,5415,3364,5416,"Audio and Video Equipment Manufacturing","Architectural, Engineering, and Related Services","Computer Systems Design and Related Services","Aerospace Product and Parts Manufacturing","Management, Scientific, and Technical Consulting Services",0.004458448,0.089846044,-0.043700662,0.055404663,0.04800506,12.08,3.65,3.637,2.191,1.564,0.423117338,0.127845884,0.127390543,0.076742557,0.054781086,69,80,6,18,96,85,49,93,91,69
41740,"San Diego-Carlsbad, CA",168.415,176.147,184.759,1367.565,1434.887,1503.878,35177.23994,38292.32635,42092.24421,175492.7766,186480.2243,197126.2967,116600.5054,61462.49963,1,0.018696858,0.015075067,0.024153789,0.019184771,0.016147082,0.02375834,0.036544769,0.028687186,0.048443822,0.023521721,0.020448706,0.028148604,0.122855045,0.213529321,58,65,46,41,44,37,33,38,22,31,25,34,11,17,41740,5417,5413,5416,5415,3345,"Scientific Research and Development Services","Architectural, Engineering, and Related Services","Management, Scientific, and Technical Consulting Services","Computer Systems Design and Related Services","Navigational, Measuring, Electromedical, and Control Instruments Manufacturing",0.055003628,-0.018862722,0.007884757,0.023006446,0.044087897,33.982,19.938,19.506,19.113,11.673,0.183926087,0.107913552,0.105575371,0.103448276,0.063179602,15,14,11,17,65,58,46,38,33,22
39340,"Provo-Orem, UT",21.064,24.945,28.195,183.45,209.536,230.962,3414.933883,3560.260404,4289.903259,15457.33729,17458.04114,19432.39377,76279.57042,41476.10389,1,0.060049756,0.057988355,0.063149392,0.04713955,0.045314507,0.049883091,0.046677865,0.013988793,0.097697985,0.046835215,0.041406482,0.055031423,0.122076359,0.220760412,10,13,10,1,1,3,20,55,1,4,7,1,12,16,39340,5415,5112,5182,3344,5416,"Computer Systems Design and Related Services","Software Publishers","Data Processing, Hosting, and Related Services","Semiconductor and Other Electronic Component Manufacturing","Management, Scientific, and Technical Consulting Services",0.096150213,0.091021565,0.125807204,0.006792633,0.161207209,7.309,4.209,2.071,1.859,1.73,0.25923036,0.149281788,0.07345274,0.065933676,0.061358397,72,78,12,16,13,10,10,55,20,1
48620,"Wichita, KS",48.26,47.492,46.559,296.795,301.056,307.04,7687.962161,5753.139003,5828.313156,26682.57956,25210.67573,26030.77262,74194.30566,46585.72248,1,-0.007150857,-0.00533299,-0.00987143,0.006810359,0.00476285,0.00988945,-0.053879771,-0.092114228,0.006512112,-0.004934087,-0.018736696,0.016134709,0.151638223,0.22390089,93,91,94,91,93,84,100,100,81,100,99,76,5,15,48620,3364,3331,5413,5416,5415,"Aerospace Product and Parts Manufacturing","Agriculture, Construction, and Mining Machinery Manufacturing","Architectural, Engineering, and Related Services","Management, Scientific, and Technical Consulting Services","Computer Systems Design and Related Services",-0.02902326,0.012583634,0.03383762,0.063919263,0.074525599,28.117,2.834,2.283,1.553,1.053,0.603900427,0.060869005,0.049034558,0.033355527,0.022616465,46,65,5,15,91,93,94,100,100,81
19100,"Dallas-Fort Worth-Arlington, TX",311.87,337.545,354.733,2973.384,3214.659,3453.527,75327.30858,89147.46804,94526.07301,336395.7826,382953.5336,415666.7599,102930.2598,58075.40566,1,0.026090338,0.026721586,0.025144194,0.030391746,0.026347992,0.036487269,0.046453255,0.057756057,0.029725106,0.043227317,0.044155498,0.041836593,0.102716151,0.227408304,46,50,43,10,12,12,21,14,45,5,6,10,22,14,19100,5415,5416,5413,3364,3344,"Computer Systems Design and Related Services","Management, Scientific, and Technical Consulting Services","Architectural, Engineering, and Related Services","Aerospace Product and Parts Manufacturing","Semiconductor and Other Electronic Component Manufacturing",0.105621846,0.068699613,0.029406012,-0.035009812,-0.040738161,70.42,42.432,32.584,32.189,20.083,0.198515503,0.119616726,0.091855001,0.090741487,0.056614411,7,4,22,14,50,46,43,14,21,45
26900,"Indianapolis-Carmel-Anderson, IN",83.106,88.939,96.698,926.664,988.502,1032.794,24160.31176,22971.16056,23604.66239,96898.28499,98829.10322,102717.2795,89393.57601,49321.38057,1,0.030758732,0.022868853,0.042707806,0.021923257,0.021766721,0.022158106,-0.004642595,-0.01668318,0.013695288,0.011731993,0.006598444,0.019481448,0.093627577,0.229802254,40,56,20,32,26,42,89,91,75,68,70,59,34,13,26900,5415,3254,3363,5413,5416,"Computer Systems Design and Related Services","Pharmaceutical and Medicine Manufacturing","Motor Vehicle Parts Manufacturing","Architectural, Engineering, and Related Services","Management, Scientific, and Technical Consulting Services",0.089116416,0.008269485,0.041178046,0.0247784,0.081914263,15.941,13.712,9.054,8.917,8.717,0.164853461,0.141802312,0.093631719,0.092214937,0.090146642,27,21,34,13,56,40,20,91,89,75
37100,"Oxnard-Thousand Oaks-Ventura, CA",33.021,31.681,31.1,305.103,319.001,325.902,9873.213469,10096.1338,9989.416871,40639.84724,41778.57289,43349.00117,122951.646,57514.67967,1,-0.011915621,-0.013713959,-0.009211964,0.013276824,0.014959054,0.010758706,0.002342908,0.007470156,-0.005299079,0.012990577,0.009254074,0.018621285,0.09542746,0.230441685,99,97,91,65,49,83,82,66,93,64,66,66,31,12,37100,3254,3344,5415,5416,5413,"Pharmaceutical and Medicine Manufacturing","Semiconductor and Other Electronic Component Manufacturing","Computer Systems Design and Related Services","Management, Scientific, and Technical Consulting Services","Architectural, Engineering, and Related Services",-0.029640423,0.038711096,0.019237274,-0.013499285,-0.018452986,5.917,3.199,3.129,3.121,2.951,0.190257235,0.102861736,0.100610932,0.100353698,0.09488746,68,45,31,12,97,99,91,66,82,93
14460,"Boston-Cambridge-Newton, MA-NH",314.765,337.996,355.602,2443.035,2563.768,2668.931,66730.89983,71776.76331,80108.44604,307839.0799,322847.3073,337288.3567,128482.9095,72120.03748,1,0.024697206,0.02401985,0.02571408,0.017844728,0.01620894,0.020303348,0.037218526,0.024595152,0.056445794,0.018440167,0.01599399,0.022120481,0.133237615,0.237507297,49,52,41,47,43,48,31,43,14,44,41,47,8,11,14460,5415,5417,5416,5413,5112,"Computer Systems Design and Related Services","Scientific Research and Development Services","Management, Scientific, and Technical Consulting Services","Architectural, Engineering, and Related Services","Software Publishers",0.05277103,0.024866122,0.042636619,0.025535231,0.05420722,69.706,49.586,39.681,33.429,28.604,0.19602252,0.13944241,0.111588236,0.094006783,0.080438243,6,8,8,11,52,49,41,43,31,14
39580,"Raleigh, NC",55.01,64.545,73.881,508.27,548.69,590.032,11662.35043,12873.14179,15302.62316,53642.97348,56001.46902,61678.87263,96221.90658,54744.26712,1,0.060762661,0.054727623,0.069880027,0.03028225,0.025835024,0.036989265,0.055834769,0.033473842,0.090286577,0.028311557,0.014445824,0.049466316,0.125215243,0.248101538,9,14,6,11,14,11,13,32,2,17,47,5,10,10,39580,5415,5413,5112,5416,3345,"Computer Systems Design and Related Services","Architectural, Engineering, and Related Services","Software Publishers","Management, Scientific, and Technical Consulting Services","Navigational, Measuring, Electromedical, and Control Instruments Manufacturing",0.02146953,0.070396861,0.070403968,0.078022768,0.263495735,15.651,10.243,7.994,7.562,6.424,0.211840663,0.13864187,0.108201026,0.102353785,0.086950637,35,29,10,10,14,9,6,32,13,2
12420,"Austin-Round Rock, TX",94.333,113.534,127.514,795.309,893.978,975.356,20481.62158,24202.88629,28104.27354,83602.69628,98884.29803,110052.0832,100557.237,55908.86984,1,0.062132859,0.063703931,0.0597806,0.041658717,0.03975331,0.044523377,0.06532374,0.057225446,0.077587641,0.056514828,0.057553508,0.054958721,0.130735854,0.255372481,7,10,12,3,2,4,7,15,7,1,1,2,9,9,12420,5415,5416,5413,3344,3341,"Computer Systems Design and Related Services","Management, Scientific, and Technical Consulting Services","Architectural, Engineering, and Related Services","Semiconductor and Other Electronic Component Manufacturing","Computer and Peripheral Equipment Manufacturing",0.184245268,0.072743696,0.036324085,-0.016862819,-0.031244096,31.538,16.249,15.318,13.729,11.458,0.247329705,0.127429145,0.120127986,0.107666609,0.0898568,19,19,9,9,10,7,12,15,7,7
41860,"San Francisco-Oakland-Hayward, CA",255.585,298.646,347.802,1969.337,2127.28,2279.726,65283.46654,74145.12487,88094.8217,280448.709,305410.0584,339858.7669,158492.8937,85271.72612,1,0.063553504,0.053271776,0.079164589,0.029704291,0.026049246,0.035211285,0.061767517,0.043341457,0.090018553,0.039175757,0.028829236,0.05489096,0.152563071,0.25921009,6,15,2,13,13,14,10,23,3,7,15,3,4,8,41860,5415,5416,5417,5413,5191,"Computer Systems Design and Related Services","Management, Scientific, and Technical Consulting Services","Scientific Research and Development Services","Architectural, Engineering, and Related Services","Other Information Services",0.123596603,0.028617933,0.028446794,0.05182453,0.183481734,96.209,40.97,36.807,30.318,20.931,0.276620031,0.117796907,0.105827454,0.087170287,0.060180793,8,5,4,8,15,6,2,23,10,3
19820,"Detroit-Warren-Dearborn, MI",224.657,278.324,302.781,1753.324,1885.428,1952.799,38376.74325,49307.70804,52556.80095,178512.8388,193228.6889,200597.7592,89595.97481,56259.09963,1,0.061504239,0.074014721,0.043011221,0.021783942,0.024509347,0.017709423,0.064908175,0.087131884,0.032421532,0.023602468,0.026756317,0.018889848,0.155049752,0.262000937,8,5,19,33,19,55,8,7,42,30,17,64,3,7,19820,5413,3363,5415,3361,5417,"Architectural, Engineering, and Related Services","Motor Vehicle Parts Manufacturing","Computer Systems Design and Related Services","Motor Vehicle Manufacturing","Scientific Research and Development Services",0.050351586,0.065439398,0.03401285,0.038805713,0.104619159,70.348,67.323,36.689,27.238,17.689,0.232339546,0.222348826,0.121173389,0.08995941,0.058421764,11,12,3,7,5,8,19,7,8,42
35380,"New Orleans-Metairie, LA",44.147,42.275,41.901,544.359,567.123,583.33,20872.73148,16748.46529,18290.1045,65560.34285,61892.19094,63963.03424,95343.97938,50750.29733,1,-0.010388717,-0.014339226,-0.004433245,0.013924882,0.013749418,0.014188136,-0.026070815,-0.070751411,0.045010333,-0.004920983,-0.019009323,0.016591795,0.071830696,0.285948044,96,99,88,62,54,70,98,99,25,99,100,73,66,6,35380,5413,3241,2111,5415,5416,"Architectural, Engineering, and Related Services","Petroleum and Coal Products Manufacturing","Oil and Gas Extraction","Computer Systems Design and Related Services","Management, Scientific, and Technical Consulting Services",0.025053244,0.037099549,0.03822299,0.110874679,0.017927585,8.802,5.28,3.708,3.538,3.122,0.210066586,0.126011312,0.088494308,0.084437126,0.074508962,52,26,66,6,99,96,88,99,98,25
12940,"Baton Rouge, LA",29.666,31.77,33.336,372.886,393.058,411.598,13875.02883,11976.28297,12911.29141,43275.54967,41975.56633,44434.13997,91696.5453,49427.39169,1,0.023601466,0.023103116,0.024349445,0.019951299,0.01771659,0.023312568,-0.01429455,-0.047870433,0.038302303,0.005298043,-0.010115196,0.02886906,0.080991647,0.290571426,52,55,45,37,38,38,94,98,32,86,98,32,55,5,12940,5413,3251,3252,5416,3241,"Architectural, Engineering, and Related Services","Basic Chemical Manufacturing","Resin, Synthetic Rubber, Fibers and Filaments Manufacturing","Management, Scientific, and Technical Consulting Services","Petroleum and Coal Products Manufacturing",0.030730056,0.045258499,0.026585095,0.009604279,0.002022247,7.644,5.937,2.895,2.799,2.728,0.229301656,0.178095752,0.086843053,0.083963283,0.081833453,62,36,55,5,55,52,45,98,94,32
42660,"Seattle-Tacoma-Bellevue, WA",261.111,295.716,308.21,1732.402,1846.75,1952.26,68587.26833,77541.39017,84620.36657,225865.4835,241682.5111,261157.8493,120850.9094,67276.27351,1,0.033723315,0.042357155,0.020906458,0.02418355,0.021534748,0.028169636,0.042908673,0.04174964,0.044649642,0.029462765,0.022818212,0.039510617,0.157873439,0.324020001,33,25,50,29,27,28,25,24,26,13,20,13,2,4,42660,3364,5112,5415,5413,5416,"Aerospace Product and Parts Manufacturing","Software Publishers","Computer Systems Design and Related Services","Architectural, Engineering, and Related Services","Management, Scientific, and Technical Consulting Services",-0.0136052,0.008813076,0.060704936,0.002052291,0.093324852,91.302,53.576,39.987,22.483,18.185,0.296233088,0.173829532,0.129739463,0.072947017,0.059001979,10,7,2,4,25,33,50,24,25,26
26420,"Houston-The Woodlands-Sugar Land, TX",307.508,359.029,361.719,2597.456,2867.892,3028.73,119577.135,149703.8466,160666.9899,343959.8393,406257.5048,433282.613,128044.4393,66232.45373,1,0.033006325,0.052990299,0.003739225,0.031198973,0.03356596,0.027658653,0.060854206,0.077775413,0.035969212,0.047255633,0.057055734,0.032725576,0.119429266,0.370813379,36,16,80,8,6,29,11,9,38,3,2,24,13,3,26420,5413,2111,3331,5416,5415,"Architectural, Engineering, and Related Services","Oil and Gas Extraction","Agriculture, Construction, and Mining Machinery Manufacturing","Management, Scientific, and Technical Consulting Services","Computer Systems Design and Related Services",0.017400362,-0.006091769,-0.03429931,0.05595694,0.031197107,72.509,52.945,39.006,36.501,33.327,0.200456708,0.146370525,0.107835087,0.100909822,0.092135055,5,1,13,3,16,36,80,9,11,38
38900,"Portland-Vancouver-Hillsboro, OR-WA",104.951,117.264,125.849,1011.385,1075.953,1141.85,48330.55834,48349.24641,55976.0216,132251.8298,138067.7074,150751.5729,95213.41059,55807.26256,1,0.03698539,0.037670271,0.035958916,0.024562626,0.020842943,0.030167579,0.029807483,0.000128874,0.075984858,0.026530914,0.01444882,0.044924397,0.110215002,0.371313019,28,28,28,26,29,24,38,78,9,20,46,7,15,2,38900,3344,5415,5413,5416,5112,"Semiconductor and Other Electronic Component Manufacturing","Computer Systems Design and Related Services","Architectural, Engineering, and Related Services","Management, Scientific, and Technical Consulting Services","Software Publishers",0.033226681,0.060294602,0.042264559,0.053635918,0.06611668,29.724,13.412,12.082,10.381,7.713,0.236187812,0.106572162,0.096003941,0.082487743,0.061287734,20,11,15,2,28,28,28,78,38,9
41940,"San Jose-Sunnyvale-Santa Clara, CA",260.441,293.743,329.409,879.319,971.522,1055.18,56944.1043,74806.23749,87806.34718,130923.2972,153588.3785,170695.7677,207882.3548,116734.1875,1,0.048106034,0.040924884,0.058970757,0.037136739,0.033797301,0.042166132,0.090474285,0.095207347,0.083413017,0.054486839,0.054663235,0.054222301,0.312182756,0.514402603,14,26,13,4,5,6,1,5,4,2,3,4,1,1,41940,5415,3341,3344,5191,5417,"Computer Systems Design and Related Services","Computer and Peripheral Equipment Manufacturing","Semiconductor and Other Electronic Component Manufacturing","Other Information Services","Scientific Research and Development Services",0.095157338,0.080006138,-0.015032369,0.21479996,0.032711541,69.633,46.029,42.3,39.842,23.353,0.211387667,0.139732066,0.128411792,0.120949944,0.070893631,9,6,1,1,26,14,13,5,1,4
